{"origin":[[0,0,0.1]],"vector":[[0.549881534513286,-0.24017429807158974,-0.7999666271458661]]}